Total Loss,Data Term Loss,Regularization Term Loss,Optic Axis Learning Rate,Birefringence Learning Rate
32.46699523925781,31.223674774169922,1.2433193922042847,0.0999753526902683,1.9e-05
31.03388214111328,29.79533576965332,1.2385454177856445,0.09990143508499218,2.8000000000000003e-05
29.428617477416992,28.19463539123535,1.2339814901351929,0.09977832013192385,3.7e-05
27.469947814941406,26.240890502929688,1.2290571928024292,0.09960612933065818,4.600000000000001e-05
25.114360809326172,23.890594482421875,1.223766803741455,0.09938503261272713,5.500000000000001e-05
22.63970375061035,21.42140007019043,1.2183029651641846,0.09911524817389801,6.400000000000001e-05
20.307647705078125,19.09480857849121,1.2128394842147827,0.09879704225884044,7.3e-05
18.238384246826172,17.030799865722656,1.2075845003128052,0.09843072889837513,8.200000000000001e-05
16.36434555053711,15.161803245544434,1.2025421857833862,0.09801666959956332,9.1e-05
14.690890312194824,13.493306159973145,1.1975842714309692,0.09755527298894293,0.0001
13.352035522460938,12.159612655639648,1.1924225091934204,0.09704699440926358,0.0001
12.384831428527832,11.19738483428955,1.18744695186615,0.09649233547011817,0.0001
11.687843322753906,10.505285263061523,1.1825575828552246,0.09589184355291486,0.0001
11.109646797180176,9.931811332702637,1.1778351068496704,0.09524611127067768,0.0001
10.718096733093262,9.54495906829834,1.1731374263763428,0.09455577588320897,0.0001
10.323684692382812,9.155082702636719,1.1686022281646729,0.09382151866819098,0.0001
10.054369926452637,8.890250205993652,1.1641194820404053,0.093044064248847,0.0001
9.732967376708984,8.573114395141602,1.1598527431488037,0.09222417987882565,0.0001
9.51864242553711,8.363009452819824,1.1556328535079956,0.09136267468501437,0.0001
9.229772567749023,8.078095436096191,1.1516767740249634,0.09046039886902862,0.0001
9.043231964111328,7.895465850830078,1.1477657556533813,0.08951824286816575,0.0001
8.796897888183594,7.652762413024902,1.1441349983215332,0.08853713647665068,0.0001
8.619304656982422,7.478776931762695,1.140527606010437,0.08751804792804146,0.0001
8.400142669677734,7.262957572937012,1.1371852159500122,0.0864619829396995,0.0001
8.227648735046387,7.093836307525635,1.133812665939331,0.08536998372026805,0.0001
8.043205261230469,6.912512302398682,1.1306934356689453,0.084243127941138,0.0001
7.877381324768066,6.749866962432861,1.1275146007537842,0.08308252767291642,0.0001
7.72131872177124,6.596747398376465,1.124571442604065,0.08188932828794705,0.0001
7.571596145629883,6.450047016143799,1.1215492486953735,0.08066470732996618,0.0001
7.420551300048828,6.3018107414245605,1.1187403202056885,0.07940987335200905,0.0001
7.271204471588135,6.155428409576416,1.1157759428024292,0.07812606472371394,0.0001
7.1331305503845215,6.02018404006958,1.1129465103149414,0.07681454840920088,0.0001
6.991674900054932,5.8816938400268555,1.1099811792373657,0.07547661871673106,0.0001
6.8698625564575195,5.7627458572387695,1.1071168184280396,0.07411359602138068,0.0001
6.734942436218262,5.630809307098389,1.104132890701294,0.07272682546199037,0.0001
6.625117301940918,5.523886203765869,1.1012312173843384,0.07131767561367539,0.0001
6.500026702880859,5.401793479919434,1.0982329845428467,0.06988753713720729,0.0001
6.402029991149902,5.306713581085205,1.0953166484832764,0.06843782140659968,0.0001
6.287814617156982,5.195456504821777,1.0923582315444946,0.06696995911625232,0.0001
6.193868160247803,5.104398727416992,1.089469313621521,0.06548539886902863,0.0001
6.076690196990967,4.9902143478393555,1.0864757299423218,0.06398560574665951,0.0001
5.986309051513672,4.902832984924316,1.0834763050079346,0.062472059863884495,0.0001
5.870009422302246,4.789618492126465,1.0803906917572021,0.06094625490775731,0.0001
5.790064811706543,4.71278190612793,1.0772826671600342,0.05940969666355696,0.0001
5.676008224487305,4.601893901824951,1.0741143226623535,0.05786390152875954,0.0001
5.595763683319092,4.524853706359863,1.070909857749939,0.056310395016537014,0.0001
5.490468978881836,4.422811985015869,1.0676571130752563,0.05475071025025979,0.0001
5.415914535522461,4.351541996002197,1.0643725395202637,0.05318638645048921,0.0001
5.3123674392700195,4.251303672790527,1.0610637664794922,0.05161896741595251,0.0001
5.245960235595703,4.188255310058594,1.0577046871185303,0.050050000000000004,0.0001
5.1530046463012695,4.09866189956665,1.0543429851531982,0.0484810325840475,0.0001
5.089158058166504,4.038214683532715,1.0509436130523682,0.046913613549510805,0.0001
5.003439903259277,3.9558908939361572,1.0475492477416992,0.045349289749740215,0.0001
4.943667888641357,3.899535655975342,1.0441322326660156,0.043789604983463015,0.0001
4.865550994873047,3.824819564819336,1.0407311916351318,0.04223609847124048,0.0001
4.808692932128906,3.771348237991333,1.0373446941375732,0.04069030333644306,0.0001
4.733592510223389,3.6996233463287354,1.0339691638946533,0.03915374509224272,0.0001
4.681704998016357,3.651118278503418,1.0305867195129395,0.037627940136115506,0.0001
4.608753204345703,3.5815205574035645,1.0272325277328491,0.03611439425334051,0.0001
4.56161642074585,3.5377371311187744,1.0238792896270752,0.034614601130971395,0.0001
4.49708366394043,3.476522207260132,1.0205613374710083,0.0331300408837477,0.0001
4.447055339813232,3.4297983646392822,1.0172570943832397,0.031662178593400356,0.0001
4.3922834396362305,3.3783016204833984,1.0139819383621216,0.030212462862792704,0.0001
4.340968608856201,3.330226421356201,1.0107421875,0.02878232438632462,0.0001
4.292094707489014,3.2845687866210938,1.0075260400772095,0.02737317453800964,0.0001
4.240415096282959,3.2360565662384033,1.0043585300445557,0.025986403978619316,0.0001
4.194493293762207,3.193286657333374,1.001206874847412,0.024623381283268953,0.0001
4.1452484130859375,3.147139310836792,0.9981093406677246,0.023285451590799106,0.0001
4.101609230041504,3.1065778732299805,0.9950312972068787,0.02197393527628607,0.0001
4.0563764572143555,3.0643675327301025,0.9920087456703186,0.020690126647990973,0.0001
4.0136332511901855,3.024614095687866,0.9890192747116089,0.01943529267003382,0.0001
3.9723775386810303,2.9863014221191406,0.9860761761665344,0.018210671712052946,0.0001
3.9316930770874023,2.9485135078430176,0.9831794500350952,0.017017472327083595,0.0001
3.8929896354675293,2.9126625061035156,0.9803270101547241,0.015856872058862,0.0001
3.8545641899108887,2.877039909362793,0.9775243401527405,0.014730016279731955,0.0001
3.818403720855713,2.8436367511749268,0.9747669696807861,0.013638017060300503,0.0001
3.782623052597046,2.8105621337890625,0.9720608592033386,0.012581952071958544,0.0001
3.7485039234161377,2.7790963649749756,0.9694074988365173,0.011562863523349332,0.0001
3.713841199874878,2.747035264968872,0.9668059349060059,0.010581757131834263,0.0001
3.6809070110321045,2.71665096282959,0.9642559885978699,0.00963960113097138,0.0001
3.6481680870056152,2.686408042907715,0.9617601633071899,0.008737325314985642,0.0001
3.6163082122802734,2.6569905281066895,0.9593175649642944,0.007875820121174357,0.0001
3.585383415222168,2.6284544467926025,0.9569288492202759,0.00705593575115301,0.0001
3.5559093952178955,2.601313829421997,0.9545955657958984,0.006278481331809014,0.0001
3.5269124507904053,2.5745933055877686,0.9523190855979919,0.0055442241167910295,0.0001
3.4989242553710938,2.548828363418579,0.9500958323478699,0.004853888729322333,0.0001
3.4717929363250732,2.5238595008850098,0.9479334950447083,0.004208156447085154,0.0001
3.445683002471924,2.4998507499694824,0.9458321928977966,0.003607664529881845,0.0001
3.4203429222106934,2.476550579071045,0.9437922835350037,0.0030530055907364386,0.0001
3.395843505859375,2.4540295600891113,0.9418140053749084,0.002544727011057081,0.0001
3.3721325397491455,2.4322354793548584,0.9398970007896423,0.0020833304004366994,0.0001
3.3491806983947754,2.411139488220215,0.9380412101745605,0.0016692711016248834,0.0001
3.3269736766815186,2.3907275199890137,0.9362461566925049,0.0013029577411595712,0.0001
3.305467128753662,2.3709557056427,0.9345113635063171,0.0009847518261019983,0.0001
3.2846479415893555,2.3518121242523193,0.9328358769416809,0.000714967387272874,0.0001
3.264392375946045,2.3331730365753174,0.9312193989753723,0.0004938706693418356,0.0001
3.2447707653045654,2.315110206604004,0.9296605587005615,0.0003216798680761542,0.0001
3.225778102874756,2.297619581222534,0.9281585216522217,0.00019856491500783565,0.0001
3.207308292388916,2.2805962562561035,0.9267120361328125,0.0001246473097317066,0.0001
3.189424991607666,2.2641050815582275,0.9253199100494385,0.1,0.0001
3.1721034049987793,2.2481226921081543,0.9239807724952698,0.09999383779245895,0.0001
3.156752109527588,2.2340590953826904,0.9226930141448975,0.0999753526902683,0.0001
3.331495761871338,2.4106831550598145,0.9208125472068787,0.09994454925435041,0.0001
4.389245986938477,3.468923330307007,0.9203224182128906,0.09990143508499218,0.0001
4.010242462158203,3.0946316719055176,0.9156105518341064,0.09984602081996975,0.0001
4.182260036468506,3.267888307571411,0.9143718481063843,0.09977832013192385,0.0001
3.4272899627685547,2.5188450813293457,0.908444881439209,0.09969834972498624,0.0001
3.355299949645996,2.4484803676605225,0.9068197011947632,0.09960612933065818,8e-05
3.102891683578491,2.19933819770813,0.9035534262657166,0.09950168170294206,8e-05
3.057478427886963,2.1553287506103516,0.9021497964859009,0.09938503261272713,8e-05
2.9794974327087402,2.0792434215545654,0.9002541303634644,0.09925621084143096,8e-05
2.9852476119995117,2.086535692214966,0.8987120389938354,0.09911524817389801,8e-05
2.9763693809509277,2.0791876316070557,0.8971816897392273,0.09896217939055721,8e-05
2.96897029876709,2.073518753051758,0.8954514265060425,0.09879704225884044,8e-05
2.962425708770752,2.0683155059814453,0.8941102623939514,0.09861987752386395,8e-05
2.909536838531494,2.017179489135742,0.8923574090003967,0.09843072889837513,8e-05
2.887298822402954,1.9961702823638916,0.8911285996437073,0.09822964305196702,8e-05
2.8355281352996826,1.945949912071228,0.8895781636238098,0.09801666959956332,8e-05
2.809727668762207,1.9212498664855957,0.8884779214859009,0.09779186108917659,8e-05
2.775228261947632,1.888060450553894,0.8871678709983826,0.09755527298894293,8e-05
2.754375457763672,1.8681970834732056,0.8861784934997559,0.09730696367343589,8e-05
2.7317399978637695,1.846679925918579,0.8850600719451904,0.09704699440926358,8e-05
2.7146623134613037,1.830500602722168,0.884161651134491,0.09677542933995188,8e-05
2.6974501609802246,1.8142634630203247,0.8831867575645447,0.09649233547011817,8e-05
2.6830813884735107,1.8007254600524902,0.8823559284210205,0.09619778264893877,8e-05
2.6692323684692383,1.7877395153045654,0.8814927339553833,0.09589184355291486,8e-05
2.656238555908203,1.7755062580108643,0.8807322978973389,0.0955745936679405,8e-05
2.644244432449341,1.764284372329712,0.8799600005149841,0.09524611127067768,8e-05
2.6321191787719727,1.7528551816940308,0.8792640566825867,0.09490647740924275,8e-05
2.621195077896118,1.7426278591156006,0.8785672187805176,0.09455577588320897,8e-05
2.6093924045562744,1.73146390914917,0.8779285550117493,0.09419409322293025,8e-05
2.5991764068603516,1.7218849658966064,0.8772913217544556,0.09382151866819098,8e-05
2.587898015975952,1.711195945739746,0.8767021298408508,0.09343814414618766,8e-05
2.5781683921813965,1.702051043510437,0.876117467880249,0.093044064248847,8e-05
2.567406177520752,1.691834807395935,0.8755712509155273,0.09263937620948691,8e-05
2.5580673217773438,1.6830356121063232,0.8750317096710205,0.09222417987882565,8e-05
2.548996686935425,1.6744712591171265,0.8745253682136536,0.09179857770034511,8e-05
2.54144549369812,1.667415738105774,0.8740296959877014,0.09136267468501437,8e-05
2.532148838043213,1.6585848331451416,0.8735639452934265,0.09091657838537992,8e-05
2.524427652359009,1.6513168811798096,0.8731107115745544,0.09046039886902862,8e-05
2.515928268432617,1.6432456970214844,0.8726824522018433,0.08999424869143019,8e-05
2.508413314819336,1.6361439228057861,0.872269332408905,0.08951824286816575,8e-05
2.5001423358917236,1.6282652616500854,0.8718770742416382,0.08903249884654957,8e-05
2.493013381958008,1.6215146780014038,0.8714988231658936,0.08853713647665068,8e-05
2.4853410720825195,1.6142020225524902,0.8711389303207397,0.08803227798172156,8e-05
2.47965669631958,1.6088651418685913,0.8707914352416992,0.08751804792804146,8e-05
2.4721174240112305,1.6016570329666138,0.8704603314399719,0.08699457319418155,8e-05
2.4653124809265137,1.5951752662658691,0.870137095451355,0.0864619829396995,8e-05
2.4582953453063965,1.5884644985198975,0.869830846786499,0.0859204085732713,8e-05
2.4520015716552734,1.5824657678604126,0.8695358633995056,0.08536998372026805,8e-05
2.4453110694885254,1.576053500175476,0.8692575693130493,0.0848108441897861,8e-05
2.439183473587036,1.5701929330825806,0.8689905405044556,0.084243127941138,8e-05
2.432929754257202,1.5641920566558838,0.8687376976013184,0.08366697504981319,8e-05
2.4271135330200195,1.5586179494857788,0.868495523929596,0.08308252767291642,8e-05
2.421095848083496,1.5528298616409302,0.8682658672332764,0.08248993001409267,8e-05
2.4156136512756348,1.5475666522979736,0.8680469393730164,0.08188932828794705,8e-05
2.4098591804504395,1.5420198440551758,0.8678393959999084,0.08128087068396848,8e-05
2.4045963287353516,1.5369548797607422,0.8676413893699646,0.08066470732996618,8e-05
2.39906907081604,1.5316158533096313,0.8674532771110535,0.08004099025502792,8e-05
2.3939356803894043,1.526661992073059,0.86727374792099,0.07940987335200905,8e-05
2.3885979652404785,1.5214958190917969,0.8671022057533264,0.07877151233956177,8e-05
2.3835506439208984,1.5166128873825073,0.8669376373291016,0.07812606472371394,8e-05
2.3780503273010254,1.5112711191177368,0.8667791485786438,0.07747368975900669,8e-05
2.3732335567474365,1.5066081285476685,0.8666254281997681,0.07681454840920088,8e-05
2.3677279949188232,1.5012516975402832,0.8664763569831848,0.07614880330756164,8e-05
2.3633198738098145,1.4969890117645264,0.8663308024406433,0.07547661871673106,8e-05
2.3580024242401123,1.4918131828308105,0.8661893010139465,0.07479816048819876,8e-05
2.35384202003479,1.4877904653549194,0.8660515546798706,0.07411359602138068,8e-05
2.3487496376037598,1.4828325510025024,0.8659170269966125,0.07342309422231565,8e-05
2.3448805809020996,1.47909414768219,0.8657865524291992,0.07272682546199037,8e-05
2.340150833129883,1.4744915962219238,0.8656593561172485,0.07202496153430296,8e-05
2.3367867469787598,1.471250057220459,0.8655368089675903,0.07131767561367539,8e-05
2.332273483276367,1.4668543338775635,0.8654190301895142,0.0706051422123252,8e-05
2.329415798187256,1.464109182357788,0.865306556224823,0.06988753713720729,8e-05
2.324779510498047,1.4595788717269897,0.8652007579803467,0.06916503744663624,8e-05
2.3214619159698486,1.4563634395599365,0.8650984168052673,0.06843782140659968,8e-05
2.316913366317749,1.4519119262695312,0.8650014400482178,0.0677060684467739,8e-05
2.313660144805908,1.4487535953521729,0.8649064898490906,0.06696995911625232,8e-05
2.3095388412475586,1.4447226524353027,0.8648161292076111,0.06622967503899757,8e-05
2.3060905933380127,1.441361427307129,0.8647291660308838,0.06548539886902863,8e-05
2.3020358085632324,1.4373908042907715,0.8646448850631714,0.06473731424535359,8e-05
2.2986323833465576,1.4340685606002808,0.8645637631416321,0.06398560574665951,8e-05
2.2947661876678467,1.430281400680542,0.8644847869873047,0.06323045884577037,8e-05
2.291529893875122,1.4271209239959717,0.8644090294837952,0.062472059863884495,8e-05
2.2880029678344727,1.4236668348312378,0.8643361926078796,0.061710595924602485,8e-05
2.2849438190460205,1.4206770658493042,0.8642668128013611,0.06094625490775731,8e-05
2.281933307647705,1.4177321195602417,0.8642011284828186,0.06017922540305781,8e-05
2.2788805961608887,1.4147392511367798,0.8641412258148193,0.05940969666355696,8e-05
2.275348663330078,1.4112646579742432,0.8640838861465454,0.05863785855895651,8e-05
2.272200584411621,1.4081724882125854,0.8640281558036804,0.05786390152875954,8e-05
2.2688212394714355,1.4048469066619873,0.8639743328094482,0.05708801653528227,8e-05
2.2657787799835205,1.4018560647964478,0.863922655582428,0.056310395016537014,8e-05
2.262571334838867,1.3986979722976685,0.8638734817504883,0.05553122883899772,8e-05
2.2596325874328613,1.395805835723877,0.8638268709182739,0.05475071025025979,8e-05
2.25658917427063,1.3928056955337524,0.8637834191322327,0.05396903183160586,8e-05
2.2537801265716553,1.390036940574646,0.8637431263923645,0.05318638645048921,8e-05
2.2509536743164062,1.3872475624084473,0.8637061715126038,0.052402967212946655,8e-05
2.248333692550659,1.3846603631973267,0.8636732697486877,0.05161896741595251,8e-05
2.2455804347991943,1.3819358348846436,0.863644540309906,0.05083458049972545,8e-05
2.2431206703186035,1.3795019388198853,0.8636186122894287,0.050050000000000004,8e-05
2.240823745727539,1.3772273063659668,0.8635963201522827,0.04926541950027457,8e-05
2.238694667816162,1.3751164674758911,0.8635781407356262,0.0484810325840475,8e-05
2.236650228500366,1.3730852603912354,0.8635649681091309,0.04769703278705335,8e-05
2.234659194946289,1.3711013793945312,0.8635578751564026,0.046913613549510805,8e-05
2.2324156761169434,1.3688597679138184,0.8635558485984802,0.046130968168394154,8e-05
2.2302205562591553,1.3666644096374512,0.8635560870170593,0.045349289749740215,8e-05
2.2280282974243164,1.3644694089889526,0.863558828830719,0.044568771161002295,8e-05
2.225870132446289,1.362306833267212,0.8635632395744324,0.043789604983463015,8e-05
2.2237212657928467,1.3601527214050293,0.8635685443878174,0.04301198346471776,8e-05
2.2216086387634277,1.3580341339111328,0.8635745048522949,0.04223609847124048,8e-05
2.219519853591919,1.3559391498565674,0.8635806441307068,0.041462141441043494,8e-05
2.217477798461914,1.3538914918899536,0.86358642578125,0.04069030333644306,8e-05
2.2154579162597656,1.3518657684326172,0.8635921478271484,0.03992077459694221,8e-05
2.213472843170166,1.3498756885528564,0.8635971546173096,0.03915374509224272,8e-05
2.2115354537963867,1.3479341268539429,0.8636013269424438,0.038389404075397524,8e-05
2.209662675857544,1.3460581302642822,0.8636044859886169,0.037627940136115506,8e-05
2.207890510559082,1.3442840576171875,0.8636065721511841,0.03686954115422963,8e-05
2.2061214447021484,1.342513084411621,0.8636082410812378,0.03611439425334051,8e-05
2.2042040824890137,1.3405952453613281,0.8636088967323303,0.03536268575464643,8e-05
2.202406167984009,1.3387973308563232,0.8636087775230408,0.034614601130971395,8e-05
2.2008121013641357,1.3372037410736084,0.8636083006858826,0.03387032496100244,8e-05
2.1992368698120117,1.3356287479400635,0.8636082410812378,0.0331300408837477,8e-05
2.197932720184326,1.3343247175216675,0.8636080026626587,0.03239393155322612,8e-05
2.1965723037719727,1.3329638242721558,0.8636085987091064,0.031662178593400356,8e-05
2.195289373397827,1.331678867340088,0.863610565662384,0.03093496255336378,8e-05
2.1938562393188477,1.3302431106567383,0.8636130094528198,0.030212462862792704,8e-05
2.19256329536438,1.3289480209350586,0.8636152744293213,0.029494857787674817,8e-05
2.1913139820098877,1.327696442604065,0.8636175394058228,0.02878232438632462,8e-05
2.1899235248565674,1.3263033628463745,0.8636201024055481,0.028075038465697037,8e-05
2.188579797744751,1.3249571323394775,0.8636227250099182,0.02737317453800964,8e-05
2.187274217605591,1.323648452758789,0.863625705242157,0.02667690577768437,8e-05
2.1859657764434814,1.3223365545272827,0.8636292815208435,0.025986403978619316,8e-05
2.1846771240234375,1.3210443258285522,0.86363285779953,0.02530183951180124,8e-05
2.1834263801574707,1.3197894096374512,0.8636369705200195,0.024623381283268953,8e-05
2.182227373123169,1.318585753440857,0.863641619682312,0.023951196692438358,8e-05
2.181069850921631,1.3174231052398682,0.8636468052864075,0.023285451590799106,8e-05
2.179953098297119,1.3163002729415894,0.8636529445648193,0.022626310240993312,8e-05
2.1788766384124756,1.3152165412902832,0.8636600971221924,0.02197393527628607,8e-05
2.177839517593384,1.314171314239502,0.8636681437492371,0.021328487660438235,8e-05
2.176842212677002,1.3131647109985352,0.8636775016784668,0.020690126647990973,8e-05
2.175884246826172,1.3121964931488037,0.8636878728866577,0.0200590097449721,8e-05
2.1749672889709473,1.3112674951553345,0.863699734210968,0.01943529267003382,8e-05
2.1741011142730713,1.3103883266448975,0.8637127876281738,0.01881912931603152,8e-05
2.173278570175171,1.3095510005950928,0.8637276291847229,0.018210671712052946,8e-05
2.1725049018859863,1.3087610006332397,0.8637439608573914,0.01761006998590733,8e-05
2.1717844009399414,1.308022379875183,0.8637619614601135,0.017017472327083595,8e-05
2.1711277961730957,1.3073461055755615,0.8637818098068237,0.016433024950186812,8e-05
2.1705589294433594,1.3067553043365479,0.863803505897522,0.015856872058862,8e-05
2.1701741218566895,1.3063462972640991,0.8638277053833008,0.0152891558102139,8e-05
2.169855833053589,1.306000828742981,0.8638550043106079,0.014730016279731955,8e-05
2.1691672801971436,1.3052815198898315,0.8638858199119568,0.014179591426728724,8e-05
2.168501377105713,1.304584264755249,0.8639171123504639,0.013638017060300503,8e-05
2.1678693294525146,1.3039202690124512,0.8639490008354187,0.013105426805818441,8e-05
2.16727876663208,1.3032976388931274,0.8639811277389526,0.012581952071958544,8e-05
2.166706085205078,1.3026922941207886,0.864013671875,0.01206772201827846,8e-05
2.1660592555999756,1.3020128011703491,0.8640465140342712,0.011562863523349332,8e-05
2.1654341220855713,1.3013545274734497,0.8640796542167664,0.011067501153450437,8e-05
2.164827585220337,1.3007147312164307,0.864112913608551,0.010581757131834263,8e-05
2.1642401218414307,1.300093412399292,0.8641467690467834,0.010105751308569826,8e-05
2.163672685623169,1.2994916439056396,0.8641809821128845,0.00963960113097138,8e-05
2.1631288528442383,1.2989133596420288,0.864215612411499,0.009183421614620086,8e-05
2.1625990867614746,1.2983481884002686,0.8642508387565613,0.008737325314985642,8e-05
2.1620688438415527,1.2977819442749023,0.8642867803573608,0.008301422299654911,8e-05
2.161560535430908,1.297237515449524,0.8643229603767395,0.007875820121174357,8e-05
2.161081314086914,1.2967219352722168,0.8643594980239868,0.007460623790513108,8e-05
2.1606221199035645,1.296225666999817,0.8643963932991028,0.00705593575115301,8e-05
2.160179376602173,1.2957457304000854,0.8644337058067322,0.006661855853812344,8e-05
2.159750461578369,1.2952793836593628,0.8644711971282959,0.006278481331809014,8e-05
2.1593334674835205,1.294824481010437,0.8645090460777283,0.005905906777069762,8e-05
2.1589269638061523,1.2943799495697021,0.8645470142364502,0.0055442241167910295,8e-05
2.1585299968719482,1.2939448356628418,0.8645851016044617,0.005193522590757255,8e-05
2.158141613006592,1.293518304824829,0.8646234273910522,0.004853888729322333,8e-05
2.157762050628662,1.293100357055664,0.864661693572998,0.004525406332059519,8e-05
2.157390594482422,1.292690396308899,0.864700198173523,0.004208156447085154,8e-05
2.157027244567871,1.2922886610031128,0.8647386431694031,0.0039022173510612386,8e-05
2.156672239303589,1.2918950319290161,0.8647772073745728,0.003607664529881845,8e-05
2.156325340270996,1.2915096282958984,0.8648156523704529,0.0033245706600481244,8e-05
2.155986785888672,1.2911326885223389,0.8648541569709778,0.0030530055907364386,8e-05
2.155656576156616,1.2907639741897583,0.8648926019668579,0.002793036326564112,8e-05
2.15533447265625,1.2904034852981567,0.8649311065673828,0.002544727011057081,8e-05
2.1550207138061523,1.2900513410568237,0.8649693727493286,0.0023081389108234106,8e-05
2.1547155380249023,1.2897077798843384,0.8650078773498535,0.0020833304004366994,8e-05
2.154418468475342,1.289372444152832,0.8650461435317993,0.0018703569480329916,8e-05
2.15412974357605,1.2890452146530151,0.8650845289230347,0.0016692711016248834,8e-05
2.1538491249084473,1.2887263298034668,0.86512291431427,0.001480122476136056,8e-05
2.1535768508911133,1.2884156703948975,0.865161120891571,0.0013029577411595712,8e-05
2.1533122062683105,1.288112759590149,0.8651993274688721,0.0011378206094427954,8e-05
2.153055191040039,1.2878177165985107,0.8652374744415283,0.0009847518261019983,8e-05
2.152806043624878,1.2875304222106934,0.8652756810188293,0.0008437891585690453,8e-05
2.152564287185669,1.2872505187988281,0.8653137683868408,0.000714967387272874,8e-05
2.152329444885254,1.286977767944336,0.8653517365455627,0.0005983182970579511,8e-05
2.152101755142212,1.2867120504379272,0.8653896450996399,0.0004938706693418356,8e-05
2.1518802642822266,1.2864528894424438,0.8654274344444275,0.0004016502750137792,8e-05
2.151665687561035,1.2862002849578857,0.8654652833938599,0.0003216798680761542,8e-05
2.151456832885742,1.2859538793563843,0.8655028343200684,0.0002539791800302582,8e-05
2.1512539386749268,1.2857136726379395,0.8655402660369873,0.00019856491500783565,8e-05
2.1510565280914307,1.2854790687561035,0.8655775189399719,0.00015545074564960333,8e-05
2.150864839553833,1.2852500677108765,0.8656147122383118,0.0001246473097317066,8e-05
2.1506783962249756,1.2850266695022583,0.8656517267227173,0.00010616220754105364,8e-05
2.1504969596862793,1.2848083972930908,0.8656885623931885,0.1,8e-05
2.150320529937744,1.2845954895019531,0.8657251596450806,0.09999845942435726,8e-05
2.1497385501861572,1.2839770317077637,0.8657614588737488,0.09999383779245895,8e-05
2.1493782997131348,1.283584475517273,0.8657938241958618,0.09998613538938914,8e-05
2.1500535011291504,1.284227967262268,0.8658254146575928,0.0999753526902683,8e-05
2.153015613555908,1.2871589660644531,0.8658565282821655,0.09996149036022411,8e-05
2.1733503341674805,1.3074419498443604,0.8659084439277649,0.09994454925435041,8e-05
2.24796724319458,1.3820922374725342,0.8658750057220459,0.09992453041765438,8e-05
2.4593822956085205,1.5934009552001953,0.8659812808036804,0.09990143508499218,8e-05
3.1222665309906006,2.256838321685791,0.8654282689094543,0.0998752646809927,6.400000000000001e-05
4.247460842132568,3.3838577270507812,0.8636031150817871,0.09984602081996975,6.400000000000001e-05
4.973971366882324,4.114692687988281,0.8592786192893982,0.09981370530582243,6.400000000000001e-05
4.546152114868164,3.6936678886413574,0.8524843454360962,0.09977832013192385,6.400000000000001e-05
3.8120198249816895,2.96388578414917,0.8481341600418091,0.09973986748099824,6.400000000000001e-05
3.293290615081787,2.447895050048828,0.8453956246376038,0.09969834972498624,6.400000000000001e-05
3.132110118865967,2.287515878677368,0.8445942997932434,0.09965376942489858,5.120000000000001e-05
2.7921364307403564,1.9486167430877686,0.8435197472572327,0.09960612933065818,5.120000000000001e-05
2.664308547973633,1.820976734161377,0.8433316946029663,0.09955543238093045,5.120000000000001e-05
2.5635361671447754,1.7203595638275146,0.8431766033172607,0.09950168170294206,5.120000000000001e-05
2.50227427482605,1.6590298414230347,0.8432443737983704,0.09944488061228801,5.120000000000001e-05
2.4515533447265625,1.608239769935608,0.8433135151863098,0.09938503261272713,5.120000000000001e-05
2.4165172576904297,1.5729866027832031,0.8435307145118713,0.09932214139596596,4.0960000000000014e-05
2.4044172763824463,1.5606334209442139,0.8437837958335876,0.09925621084143096,4.0960000000000014e-05
2.3914999961853027,1.5474826097488403,0.8440172672271729,0.09918724501602932,4.0960000000000014e-05
2.382446527481079,1.5381519794464111,0.844294548034668,0.09911524817389801,4.0960000000000014e-05
2.3665292263031006,1.5219687223434448,0.8445605039596558,0.09904022475614137,4.0960000000000014e-05
2.346242904663086,1.5013467073440552,0.8448963165283203,0.09896217939055721,4.0960000000000014e-05
2.3232109546661377,1.478004813194275,0.8452061414718628,0.0988811168913513,3.2768000000000016e-05
2.2990636825561523,1.4534543752670288,0.8456093668937683,0.09879704225884044,3.2768000000000016e-05
2.276068925857544,1.4301775693893433,0.8458912968635559,0.09870996067914399,3.2768000000000016e-05
2.2584633827209473,1.4121915102005005,0.846271812915802,0.09861987752386395,3.2768000000000016e-05
2.240605592727661,1.3940200805664062,0.8465854525566101,0.0985267983497537,3.2768000000000016e-05
2.23185658454895,1.384842038154602,0.8470146059989929,0.09843072889837513,3.2768000000000016e-05
2.2203614711761475,1.3730237483978271,0.8473377823829651,0.09833167509574452,2.6214400000000015e-05
2.2173824310302734,1.3695907592773438,0.8477916717529297,0.09822964305196702,2.6214400000000015e-05
2.2101259231567383,1.3620857000350952,0.8480402231216431,0.09812463906085968,2.6214400000000015e-05
2.212301015853882,1.3638933897018433,0.8484076857566833,0.09801666959956332,2.6214400000000015e-05
2.205367088317871,1.3567198514938354,0.8486472368240356,0.09790574132814285,2.6214400000000015e-05
2.2057549953460693,1.3567423820495605,0.849012553691864,0.09779186108917659,2.6214400000000015e-05
2.1992287635803223,1.349987506866455,0.849241316318512,0.0976750359073341,2.0971520000000012e-05
2.1970553398132324,1.3474552631378174,0.8496000170707703,0.09755527298894293,2.0971520000000012e-05
2.1904754638671875,1.3406950235366821,0.8497803807258606,0.09743257972154395,2.0971520000000012e-05
2.1864402294158936,1.336378812789917,0.8500614166259766,0.09730696367343589,2.0971520000000012e-05
2.180346727371216,1.3301008939743042,0.8502457737922668,0.09717843259320827,2.0971520000000012e-05
2.175781726837158,1.325258493423462,0.8505232334136963,0.09704699440926358,2.0971520000000012e-05
2.17069411277771,1.3199803829193115,0.8507136702537537,0.0969126572293281,1.677721600000001e-05
2.1665799617767334,1.3155933618545532,0.8509865999221802,0.09677542933995188,1.677721600000001e-05
2.162692070007324,1.3115493059158325,0.8511428833007812,0.09663531920599755,1.677721600000001e-05
2.1593217849731445,1.30796480178833,0.8513568639755249,0.09649233547011817,1.677721600000001e-05
2.156452178955078,1.3049345016479492,0.8515176773071289,0.09634648695222403,1.677721600000001e-05
2.153743267059326,1.302015781402588,0.8517274856567383,0.09619778264893877,1.677721600000001e-05
2.1515958309173584,1.2997044324874878,0.8518913984298706,0.09604623173304427,1.3421772800000009e-05
2.1493782997131348,1.2972813844680786,0.8520969152450562,0.09589184355291486,1.3421772800000009e-05
2.1477739810943604,1.2955445051193237,0.8522295355796814,0.09573462763194075,1.3421772800000009e-05
2.145918846130371,1.293528437614441,0.8523904085159302,0.0955745936679405,1.3421772800000009e-05
2.1445741653442383,1.2920492887496948,0.8525248765945435,0.09541175153256282,1.3421772800000009e-05
2.1429851055145264,1.2903027534484863,0.8526822924613953,0.09524611127067768,1.3421772800000009e-05
2.141885995864868,1.2890689373016357,0.8528170585632324,0.09507768309975667,1.3421772800000009e-05
2.1407711505889893,1.2878005504608154,0.8529706001281738,0.09490647740924275,1.3421772800000009e-05
2.1400909423828125,1.286985993385315,0.8531050682067871,0.09473250475990935,1.3421772800000009e-05
2.139451503753662,1.2861968278884888,0.8532546162605286,0.09455577588320897,1.3421772800000009e-05
2.13881254196167,1.2854241132736206,0.8533884286880493,0.09437630168061122,1.3421772800000009e-05
2.1379928588867188,1.2844586372375488,0.8535341620445251,0.09419409322293025,1.3421772800000009e-05
2.1374270915985107,1.2837607860565186,0.8536663055419922,0.09400916174964205,1.3421772800000009e-05
2.13671875,1.2829108238220215,0.853807806968689,0.09382151866819098,1.3421772800000009e-05
2.136202096939087,1.2822641134262085,0.8539379239082336,0.09363117555328622,1.3421772800000009e-05
2.135575294494629,1.2815001010894775,0.8540753126144409,0.09343814414618766,1.3421772800000009e-05
2.1350889205932617,1.2808858156204224,0.8542030453681946,0.09324243635398176,1.3421772800000009e-05
2.134523868560791,1.280187726020813,0.8543360233306885,0.093044064248847,1.3421772800000009e-05
2.134068012237549,1.2796066999435425,0.8544612526893616,0.09284304006730924,1.3421772800000009e-05
2.133547782897949,1.278957724571228,0.8545900583267212,0.09263937620948691,1.3421772800000009e-05
2.1331095695495605,1.2783970832824707,0.8547123670578003,0.09243308523832611,1.3421772800000009e-05
2.132607936859131,1.277770757675171,0.8548370599746704,0.09222417987882565,1.3421772800000009e-05
2.1322765350341797,1.2773202657699585,0.8549563884735107,0.09201267301725215,1.3421772800000009e-05
2.131906032562256,1.2768287658691406,0.8550771474838257,0.09179857770034511,1.3421772800000009e-05
2.131683826446533,1.2764899730682373,0.8551937937736511,0.09158190713451214,1.3421772800000009e-05
2.1313414573669434,1.2760299444198608,0.8553114533424377,0.09136267468501437,1.3421772800000009e-05
2.1310722827911377,1.2756463289260864,0.8554258942604065,0.09114089387514195,1.3421772800000009e-05
2.130699396133423,1.2751588821411133,0.8555405735969543,0.09091657838537992,1.3421772800000009e-05
2.1303720474243164,1.2747197151184082,0.8556524515151978,0.09068974205256432,1.3421772800000009e-05
2.129969358444214,1.2742053270339966,0.8557640314102173,0.09046039886902862,1.3421772800000009e-05
2.1296050548553467,1.2737319469451904,0.855873167514801,0.09022856298174071,1.3421772800000009e-05
2.129138946533203,1.2731572389602661,0.8559815883636475,0.08999424869143019,1.3421772800000009e-05
2.1287312507629395,1.2726436853408813,0.8560874462127686,0.08975747045170614,1.3421772800000009e-05
2.1283371448516846,1.27214515209198,0.8561920523643494,0.08951824286816575,1.3421772800000009e-05
2.1280577182769775,1.2717632055282593,0.8562945127487183,0.08927658069749321,1.3421772800000009e-05
2.128122091293335,1.2717267274856567,0.856395423412323,0.08903249884654957,1.3421772800000009e-05
2.1276979446411133,1.2712029218673706,0.8564950227737427,0.08878601237145313,1.3421772800000009e-05
2.1272799968719482,1.2706873416900635,0.8565926551818848,0.08853713647665068,1.3421772800000009e-05
2.1268649101257324,1.2701759338378906,0.8566888570785522,0.08828588651397977,1.3421772800000009e-05
2.126476287841797,1.269693374633789,0.8567830324172974,0.08803227798172156,1.3421772800000009e-05
2.126096725463867,1.2692205905914307,0.8568760752677917,0.08777632652364493,1.3421772800000009e-05
2.1255133152008057,1.268546223640442,0.8569671511650085,0.08751804792804146,1.3421772800000009e-05
2.124483585357666,1.2674270868301392,0.8570563793182373,0.08725745812675152,1.3421772800000009e-05
2.1231460571289062,1.2660044431686401,0.8571416139602661,0.08699457319418155,1.3421772800000009e-05
2.121633529663086,1.264411449432373,0.8572221398353577,0.0867294093463125,1.3421772800000009e-05
2.1200456619262695,1.2627484798431396,0.8572971820831299,0.0864619829396995,1.3421772800000009e-05
2.1186165809631348,1.2612501382827759,0.8573665618896484,0.08619231047046304,1.3421772800000009e-05
2.1174521446228027,1.2600219249725342,0.8574302196502686,0.0859204085732713,1.3421772800000009e-05
2.1164231300354004,1.2589339017868042,0.8574892282485962,0.08564629402031401,1.3421772800000009e-05
2.1157126426696777,1.2581686973571777,0.8575440049171448,0.08536998372026805,1.3421772800000009e-05
2.115208625793457,1.2576130628585815,0.8575955629348755,0.08509149471725426,1.3421772800000009e-05
2.114915132522583,1.2572706937789917,0.8576444983482361,0.0848108441897861,1.3421772800000009e-05
2.114640235900879,1.2569485902786255,0.8576916456222534,0.08452804944971014,1.3421772800000009e-05
2.114394426345825,1.2566570043563843,0.8577373623847961,0.084243127941138,1.3421772800000009e-05
2.114206314086914,1.2564244270324707,0.8577818870544434,0.08395609723937045,1.3421772800000009e-05
2.1140570640563965,1.2562317848205566,0.8578253388404846,0.08366697504981319,1.3421772800000009e-05
2.113820791244507,1.2559529542922974,0.8578678965568542,0.08337577920688477,1.3421772800000009e-05
2.1135919094085693,1.255682349205017,0.857909619808197,0.08308252767291642,1.3421772800000009e-05
2.1133079528808594,1.2553576231002808,0.8579503893852234,0.08278723853704412,1.3421772800000009e-05
2.1131725311279297,1.2551823854446411,0.8579901456832886,0.08248993001409267,1.3421772800000009e-05
2.1131787300109863,1.2551497220993042,0.8580290675163269,0.08219062044345227,1.3421772800000009e-05
2.1132168769836426,1.255149483680725,0.8580672740936279,0.08188932828794705,1.3421772800000009e-05
2.1128599643707275,1.2547547817230225,0.8581051230430603,0.08158607213269642,1.3421772800000009e-05
2.1125664710998535,1.2544244527816772,0.8581421375274658,0.08128087068396848,1.3421772800000009e-05
2.1122381687164307,1.2540594339370728,0.8581787347793579,0.08097374276802621,1.3421772800000009e-05
2.1119861602783203,1.2537715435028076,0.8582146763801575,0.08066470732996618,1.3421772800000009e-05
2.111690044403076,1.2534399032592773,0.8582501411437988,0.08035378343254988,1.3421772800000009e-05
2.111478805541992,1.253193736076355,0.8582851886749268,0.08004099025502792,1.3421772800000009e-05
2.111219882965088,1.2529001235961914,0.8583196997642517,0.07972634709195683,1.3421772800000009e-05
2.111034631729126,1.2526804208755493,0.8583541512489319,0.07940987335200905,1.3421772800000009e-05
2.110795021057129,1.2524067163467407,0.858388364315033,0.07909158855677553,1.3421772800000009e-05
2.110706329345703,1.2522838115692139,0.8584223985671997,0.07877151233956177,1.3421772800000009e-05
2.1106414794921875,1.2521851062774658,0.8584564924240112,0.07844966444417649,1.3421772800000009e-05
2.110666513442993,1.2521758079528809,0.8584907650947571,0.07812606472371394,1.3421772800000009e-05
2.1106295585632324,1.2521040439605713,0.8585255146026611,0.07780073313932914,1.3421772800000009e-05
2.1106231212615967,1.2520625591278076,0.8585605621337891,0.07747368975900669,1.3421772800000009e-05
2.110504388809204,1.251908302307129,0.85859614610672,0.07714495475632278,1.3421772800000009e-05
2.1104326248168945,1.2518008947372437,0.8586318492889404,0.07681454840920088,1.3421772800000009e-05
2.1101889610290527,1.2515212297439575,0.85866779088974,0.07648249109866083,1.3421772800000009e-05
2.110074996948242,1.2513712644577026,0.85870361328125,0.07614880330756164,1.3421772800000009e-05
2.109861373901367,1.2511217594146729,0.8587395548820496,0.07581350561933813,1.3421772800000009e-05
2.1096878051757812,1.2509124279022217,0.8587753176689148,0.07547661871673106,1.3421772800000009e-05
2.1093783378601074,1.2505674362182617,0.8588110208511353,0.07513816338051146,1.3421772800000009e-05
2.1091678142547607,1.2503215074539185,0.8588462471961975,0.07479816048819876,1.3421772800000009e-05
2.10888671875,1.2500057220458984,0.8588810563087463,0.07445663101277292,1.3421772800000009e-05
2.1087188720703125,1.2498034238815308,0.8589153289794922,0.07411359602138068,1.3421772800000009e-05
2.108665704727173,1.2497167587280273,0.8589489459991455,0.07376907667403619,1.3421772800000009e-05
2.10878324508667,1.2498010396957397,0.8589822053909302,0.07342309422231565,1.3421772800000009e-05
2.108485698699951,1.2494703531265259,0.8590152859687805,0.07307567000804635,1.3421772800000009e-05
2.1082520484924316,1.2492040395736694,0.8590478897094727,0.07272682546199037,1.3421772800000009e-05
2.1079535484313965,1.2488737106323242,0.859079897403717,0.07237658210252251,1.3421772800000009e-05
2.1077284812927246,1.248617172241211,0.8591113090515137,0.07202496153430296,1.3421772800000009e-05
2.1074471473693848,1.2483047246932983,0.8591424822807312,0.07167198544694468,1.3421772800000009e-05
2.1072425842285156,1.2480696439743042,0.859173059463501,0.07131767561367539,1.3421772800000009e-05
2.1069846153259277,1.2477816343307495,0.8592031002044678,0.07096205388999453,1.3421772800000009e-05
2.1068031787872314,1.247570514678955,0.8592327237129211,0.0706051422123252,1.3421772800000009e-05
2.106555461883545,1.2472935914993286,0.8592619895935059,0.07024696259666081,1.3421772800000009e-05
2.106438636779785,1.247147798538208,0.8592908978462219,0.06988753713720729,1.3421772800000009e-05
2.106349468231201,1.2470301389694214,0.8593193888664246,0.06952688800502001,1.3421772800000009e-05
2.106353759765625,1.247005581855774,0.8593481183052063,0.06916503744663624,1.3421772800000009e-05
2.106255054473877,1.2468782663345337,0.8593767881393433,0.0688020077827029,1.3421772800000009e-05
2.106196165084839,1.2467906475067139,0.8594055771827698,0.06843782140659968,1.3421772800000009e-05
2.1060421466827393,1.2466076612472534,0.8594344854354858,0.06807250078305771,1.3421772800000009e-05
2.1059041023254395,1.2464406490325928,0.8594633936882019,0.0677060684467739,1.3421772800000009e-05
2.1056456565856934,1.2461531162261963,0.8594924211502075,0.06733854700102078,1.3421772800000009e-05
2.1054069995880127,1.2458860874176025,0.8595209717750549,0.06696995911625232,1.3421772800000009e-05
2.1051836013793945,1.2456345558166504,0.8595491647720337,0.06660032752870543,1.3421772800000009e-05
2.105001449584961,1.2454242706298828,0.8595771789550781,0.06622967503899757,1.3421772800000009e-05
2.1047518253326416,1.2451468706130981,0.8596048951148987,0.06585802451072023,1.3421772800000009e-05
2.104520082473755,1.2448877096176147,0.8596323728561401,0.06548539886902863,1.3421772800000009e-05
2.1042299270629883,1.2445704936981201,0.8596594929695129,0.06511182109922757,1.3421772800000009e-05
2.1040122509002686,1.2443262338638306,0.8596859574317932,0.06473731424535359,1.3421772800000009e-05
2.1037516593933105,1.24403977394104,0.8597119450569153,0.06436190140875353,1.3421772800000009e-05
2.1035914421081543,1.243854284286499,0.8597372174263,0.06398560574665951,1.3421772800000009e-05
2.1036362648010254,1.2438743114471436,0.8597620725631714,0.06360845047076048,1.3421772800000009e-05
2.1036038398742676,1.2438174486160278,0.8597864508628845,0.06323045884577037,1.3421772800000009e-05
2.103309154510498,1.243498682975769,0.859810471534729,0.06285165418799318,1.3421772800000009e-05
2.1030690670013428,1.2432353496551514,0.8598337173461914,0.062472059863884495,1.3421772800000009e-05
2.102780342102051,1.2429237365722656,0.8598565459251404,0.06209169928861029,1.3421772800000009e-05
2.102550983428955,1.2426724433898926,0.859878659248352,0.061710595924602485,1.3421772800000009e-05
2.1022815704345703,1.2423814535140991,0.859900176525116,0.06132877328011174,1.3421772800000009e-05
2.1020772457122803,1.2421562671661377,0.8599210381507874,0.06094625490775731,1.3421772800000009e-05
2.1018378734588623,1.241896629333496,0.8599412441253662,0.060563064403074233,1.3421772800000009e-05
2.101663589477539,1.2417025566101074,0.8599609136581421,0.06017922540305781,1.3421772800000009e-05
2.1014351844787598,1.2414554357528687,0.8599798679351807,0.05979476158470562,1.3421772800000009e-05
2.1012845039367676,1.241286277770996,0.8599981665611267,0.05940969666355696,1.3421772800000009e-05
2.1011533737182617,1.2411370277404785,0.8600162863731384,0.05902405439222997,1.3421772800000009e-05
2.101109504699707,1.2410753965377808,0.8600341081619263,0.05863785855895651,1.3421772800000009e-05
2.1010327339172363,1.240981101989746,0.8600516319274902,0.05825113298611471,1.3421772800000009e-05
2.10099720954895,1.2409279346466064,0.860069215297699,0.05786390152875954,1.3421772800000009e-05
2.100900650024414,1.2408138513565063,0.8600866794586182,0.057476188073151316,1.3421772800000009e-05
2.100830554962158,1.2407264709472656,0.8601040244102478,0.05708801653528227,1.3421772800000009e-05
2.100722551345825,1.2406014204025269,0.8601211905479431,0.056699410859401306,1.3421772800000009e-05
2.1005587577819824,1.2404205799102783,0.8601381778717041,0.056310395016537014,1.3421772800000009e-05
2.100299596786499,1.2401448488235474,0.8601548075675964,0.055920993003019,1.3421772800000009e-05
2.1001274585723877,1.2399564981460571,0.8601709604263306,0.05553122883899772,1.3421772800000009e-05
2.0999083518981934,1.239721655845642,0.8601868152618408,0.05514112656696275,1.3421772800000009e-05
2.099726438522339,1.2395241260528564,0.8602022528648376,0.05475071025025979,1.3421772800000009e-05
2.0994999408721924,1.2392827272415161,0.860217273235321,0.05436000397160628,1.3421772800000009e-05
2.0992631912231445,1.239031195640564,0.8602319359779358,0.05396903183160586,1.3421772800000009e-05
2.0990071296691895,1.2387611865997314,0.8602460026741028,0.05357781794726178,1.3421772800000009e-05
2.098801851272583,1.2385421991348267,0.8602595925331116,0.05318638645048921,1.3421772800000009e-05
2.0985679626464844,1.238295316696167,0.8602726459503174,0.05279476148662668,1.3421772800000009e-05
2.0983996391296387,1.2381147146224976,0.8602850437164307,0.052402967212946655,1.3421772800000009e-05
2.0982797145843506,1.2379828691482544,0.860296905040741,0.05201102779716549,1.3421772800000009e-05
2.0985002517700195,1.2381922006607056,0.8603081107139587,0.05161896741595251,1.3421772800000009e-05
2.098249912261963,1.237930417060852,0.8603194355964661,0.05122681025343884,1.3421772800000009e-05
2.098039150238037,1.2377090454101562,0.8603301048278809,0.05083458049972545,1.3421772800000009e-05
2.0977959632873535,1.2374553680419922,0.8603405356407166,0.050442302349391135,1.3421772800000009e-05
2.09759259223938,1.2372421026229858,0.860350489616394,0.050050000000000004,1.3421772800000009e-05
